workload,3befaf1b_us,2fa24ce4_us,d7d23c0e_us,4e8aeb5a_us,b4ea1ce9_us,295aaa8b_us,cfd25143_us,6e8bc36a_us,stim_us
surface_d30 full,37860.0,37610.0,26290.0,22380.0,20470.0,16720.0,16620.0,15490.0,18260.6
surface_d30 1 round,25450.0,25420.0,13650.0,9570.0,9080.0,6100.0,6320.0,6070.0,6654.1
surface_d30 no measure,9990.0,9990.0,10020.0,10020.0,10050.0,10010.0,10000.0,8900.0,12058.3
surface_d7,160.1,160.2,140.8,138.1,110.9,84.4,83.8,72.2,61.4
surface_d11,734.0,733.2,610.9,582.2,482.1,371.6,374.5,326.3,234.9
surface_d19,6320.0,6320.0,4510.0,4050.0,3580.0,2750.0,2760.0,2380.0,2454.0
repetition_d75,972.0,975.7,983.7,1050.0,675.5,499.0,502.5,445.1,207.1
color_d31,59270.0,59510.0,52350.0,52180.0,50460.0,50020.0,8110.0,7130.0,7080.0
color_d43,343400.0,342690.0,323060.0,320340.0,314090.0,278390.0,31420.0,28950.0,31697.6
