family,d,qubits,measurements,shots,branch_us,pr204_us,stim_us,branch_over_stim,pr204_over_stim,branch_ones,pr204_ones,stim_ones
clifft_surface,7,118,385,500,52.5,157.7,60.5,0.868,2.606,115.62,113.2,113.3
surface,3,26,33,500,5.3,12.7,7.0,0.756,1.816,10.594,11.0,10.7
surface,5,64,145,500,19.2,56.1,25.0,0.77,2.245,43.802,44.3,43.2
surface,7,118,385,500,52.0,157.6,60.1,0.866,2.622,115.62,113.2,113.3
surface,9,188,801,500,119.2,356.2,122.4,0.974,2.91,239.086,239.1,238.4
surface,11,274,1441,500,252.2,725.0,230.6,1.094,3.144,432.324,429.4,430.7
surface,15,494,3585,500,665.3,2090.0,797.3,0.834,2.621,1086.514,1090.8,1083.6
surface,19,778,7201,500,1900.0,6210.0,2424.0,0.784,2.562,2228.538,2230.1,2228.1
surface,23,1126,12673,240,4160.0,12710.0,5156.9,0.807,2.465,3988.512,4009.5,4001.0
surface,27,1538,20385,122,8120.0,24400.0,10943.5,0.742,2.23,6556.066,6574.7,6594.4
surface,31,2014,30721,69,14440.0,41670.0,20137.1,0.717,2.069,10046.913,10164.4,10185.7
repetition,3,5,9,500,0.8,2.0,1.5,0.5,1.333,0.066,0.1,0.1
repetition,9,17,81,500,4.0,15.1,5.1,0.776,2.965,1.574,1.4,1.5
repetition,25,49,625,500,26.3,108.2,23.8,1.105,4.545,27.908,26.6,28.2
repetition,75,149,5625,500,261.5,968.0,204.2,1.281,4.74,634.412,639.6,639.2
repetition,225,449,50625,364,2770.0,9810.0,2894.6,0.957,3.389,12564.223,12725.6,12624.1
repetition,675,1349,455625,19,50380.0,121960.0,53024.1,0.95,2.3,180786.105,181673.2,180729.1
color,3,10,16,500,4.0,8.0,6.5,0.615,1.237,6.626,6.6,6.6
color,5,28,64,500,13.0,36.2,12.8,1.019,2.832,27.306,27.5,27.7
color,7,55,163,500,32.3,98.9,23.8,1.358,4.155,65.686,65.6,65.5
color,9,91,331,500,67.2,199.6,53.8,1.249,3.71,128.408,129.1,127.8
color,13,190,946,500,213.1,859.0,187.1,1.139,4.591,373.976,376.5,375.9
color,17,325,2053,500,582.2,2630.0,512.8,1.135,5.129,825.632,828.8,829.1
color,21,496,3796,500,1090.0,3710.0,1225.4,0.89,3.028,1510.2,1519.0,1514.8
color,25,703,6319,414,2380.0,19970.0,2781.1,0.856,7.181,2571.821,2572.6,2577.8
color,31,1081,11881,178,5620.0,59310.0,7068.0,0.795,8.391,4929.101,4930.0,4926.2
color,37,1540,20008,77,12560.0,146490.0,15826.9,0.794,9.256,8393.558,8416.1,8397.3
color,43,2080,31186,42,23670.0,344410.0,32056.8,0.738,10.744,13334.0,13370.4,13222.0
