engine,qubits,steps,mode,trial,build_s,eval_s,numeric_s,terms,observable,max_error
ppvm,3,1,independent,0,3.292000000000e-6,6.750000000000e-9,2.437710000000e-7,2,9.97551000253279585e-1,5.551e-17
ppvm,3,1,independent,1,1.375000000000e-6,6.625000000000e-9,2.351875000000e-7,2,9.97551000253279585e-1,5.551e-17
ppvm,3,1,independent,2,1.292000000000e-6,8.187500000000e-9,2.403540000000e-7,2,9.97551000253279585e-1,5.551e-17
ppvm,3,1,independent,3,1.000000000000e-6,6.645500000000e-9,2.415210000000e-7,2,9.97551000253279585e-1,5.551e-17
ppvm,3,1,independent,4,9.170000000000e-7,6.625000000000e-9,2.404165000000e-7,2,9.97551000253279585e-1,5.551e-17
ppvm,3,1,independent,5,1.000000000000e-6,6.604500000000e-9,2.341670000000e-7,2,9.97551000253279585e-1,5.551e-17
ppvm,3,1,independent,6,1.125000000000e-6,8.187500000000e-9,2.381040000000e-7,2,9.97551000253279585e-1,5.551e-17
paulipropagation-jl,3,1,independent,0,3.629100000000e-05,2.760245850000e-05,2.068979000000e-06,2,9.97551000253279585e-01,0.000e+00
paulipropagation-jl,3,1,independent,1,3.112500000000e-05,2.706185450000e-05,2.104292000000e-06,2,9.97551000253279585e-01,0.000e+00
paulipropagation-jl,3,1,independent,2,2.750000000000e-05,2.627564600000e-05,2.080375000000e-06,2,9.97551000253279585e-01,0.000e+00
paulipropagation-jl,3,1,independent,3,2.879200000000e-05,2.632918750000e-05,2.284604500000e-06,2,9.97551000253279585e-01,0.000e+00
paulipropagation-jl,3,1,independent,4,2.708400000000e-05,2.647150000000e-05,2.009750000000e-06,2,9.97551000253279585e-01,0.000e+00
paulipropagation-jl,3,1,independent,5,2.279200000000e-05,2.642929150000e-05,2.030791500000e-06,2,9.97551000253279585e-01,0.000e+00
paulipropagation-jl,3,1,independent,6,2.716600000000e-05,2.640197950000e-05,2.004833000000e-06,2,9.97551000253279585e-01,0.000e+00
ppvm,3,1,shared,0,3.375000000000e-6,6.916500000000e-9,2.155000000000e-7,2,9.97551000253279585e-1,5.551e-17
ppvm,3,1,shared,1,1.375000000000e-6,8.062500000000e-9,2.036460000000e-7,2,9.97551000253279585e-1,5.551e-17
ppvm,3,1,shared,2,1.041000000000e-6,7.125000000000e-9,2.151875000000e-7,2,9.97551000253279585e-1,5.551e-17
ppvm,3,1,shared,3,9.170000000000e-7,6.500000000000e-9,2.165000000000e-7,2,9.97551000253279585e-1,5.551e-17
ppvm,3,1,shared,4,1.083000000000e-6,8.042000000000e-9,2.237295000000e-7,2,9.97551000253279585e-1,5.551e-17
ppvm,3,1,shared,5,7.920000000000e-7,7.542000000000e-9,2.240210000000e-7,2,9.97551000253279585e-1,5.551e-17
ppvm,3,1,shared,6,1.709000000000e-6,6.521000000000e-9,2.191040000000e-7,2,9.97551000253279585e-1,5.551e-17
paulipropagation-jl,3,1,shared,0,2.912500000000e-05,2.650091650000e-05,2.069854000000e-06,2,9.97551000253279585e-01,0.000e+00
paulipropagation-jl,3,1,shared,1,3.737500000000e-05,2.652789600000e-05,2.046437500000e-06,2,9.97551000253279585e-01,0.000e+00
paulipropagation-jl,3,1,shared,2,2.241700000000e-05,2.624189550000e-05,2.011542000000e-06,2,9.97551000253279585e-01,0.000e+00
paulipropagation-jl,3,1,shared,3,2.550000000000e-05,2.640133300000e-05,2.089792000000e-06,2,9.97551000253279585e-01,0.000e+00
paulipropagation-jl,3,1,shared,4,2.529200000000e-05,2.639047900000e-05,2.023875000000e-06,2,9.97551000253279585e-01,0.000e+00
paulipropagation-jl,3,1,shared,5,2.004200000000e-05,2.651941650000e-05,2.089500000000e-06,2,9.97551000253279585e-01,0.000e+00
paulipropagation-jl,3,1,shared,6,2.112500000000e-05,2.629529200000e-05,2.050812500000e-06,2,9.97551000253279585e-01,0.000e+00
ppvm,3,2,independent,0,5.709000000000e-6,2.362500000000e-8,3.138125000000e-7,4,9.00401194474349853e-1,1.110e-16
ppvm,3,2,independent,1,4.375000000000e-6,2.545800000000e-8,3.100835000000e-7,4,9.00401194474349853e-1,1.110e-16
ppvm,3,2,independent,2,2.792000000000e-6,2.370850000000e-8,3.357915000000e-7,4,9.00401194474349853e-1,1.110e-16
ppvm,3,2,independent,3,7.041000000000e-6,2.618750000000e-8,3.426875000000e-7,4,9.00401194474349853e-1,1.110e-16
ppvm,3,2,independent,4,5.875000000000e-6,2.381250000000e-8,3.375625000000e-7,4,9.00401194474349853e-1,1.110e-16
ppvm,3,2,independent,5,2.834000000000e-6,2.333350000000e-8,3.302080000000e-7,4,9.00401194474349853e-1,1.110e-16
ppvm,3,2,independent,6,4.791000000000e-6,2.575000000000e-8,3.281665000000e-7,4,9.00401194474349853e-1,1.110e-16
paulipropagation-jl,3,2,independent,0,3.516700000000e-05,2.625033300000e-05,3.510021000000e-06,4,9.00401194474349853e-01,0.000e+00
paulipropagation-jl,3,2,independent,1,3.029100000000e-05,2.638633350000e-05,3.506312500000e-06,4,9.00401194474349853e-01,0.000e+00
paulipropagation-jl,3,2,independent,2,2.862500000000e-05,2.649083300000e-05,3.446437500000e-06,4,9.00401194474349853e-01,0.000e+00
paulipropagation-jl,3,2,independent,3,5.429200000000e-05,2.616960400000e-05,3.535792000000e-06,4,9.00401194474349853e-01,0.000e+00
paulipropagation-jl,3,2,independent,4,3.104200000000e-05,2.642029150000e-05,3.514583500000e-06,4,9.00401194474349853e-01,0.000e+00
paulipropagation-jl,3,2,independent,5,3.104200000000e-05,2.659887500000e-05,3.427812500000e-06,4,9.00401194474349853e-01,0.000e+00
paulipropagation-jl,3,2,independent,6,2.820800000000e-05,2.641579150000e-05,3.490146000000e-06,4,9.00401194474349853e-01,0.000e+00
ppvm,3,2,shared,0,6.625000000000e-6,1.881250000000e-8,3.259375000000e-7,4,9.90356210893937772e-1,1.388e-17
ppvm,3,2,shared,1,6.833000000000e-6,1.587500000000e-8,3.167915000000e-7,4,9.90356210893937772e-1,1.388e-17
ppvm,3,2,shared,2,3.500000000000e-6,1.597950000000e-8,3.176250000000e-7,4,9.90356210893937772e-1,1.388e-17
ppvm,3,2,shared,3,3.583000000000e-6,1.891650000000e-8,3.187085000000e-7,4,9.90356210893937772e-1,1.388e-17
ppvm,3,2,shared,4,5.750000000000e-6,1.606250000000e-8,3.077080000000e-7,4,9.90356210893937772e-1,1.388e-17
ppvm,3,2,shared,5,3.542000000000e-6,1.975000000000e-8,3.240000000000e-7,4,9.90356210893937772e-1,1.388e-17
ppvm,3,2,shared,6,3.291000000000e-6,1.718750000000e-8,3.206455000000e-7,4,9.90356210893937772e-1,1.388e-17
paulipropagation-jl,3,2,shared,0,3.616700000000e-05,2.646489600000e-05,3.456583500000e-06,4,9.90356210893937772e-01,0.000e+00
paulipropagation-jl,3,2,shared,1,3.258300000000e-05,2.651414600000e-05,3.477375000000e-06,4,9.90356210893937772e-01,0.000e+00
paulipropagation-jl,3,2,shared,2,3.045900000000e-05,2.647383300000e-05,3.469583500000e-06,4,9.90356210893937772e-01,0.000e+00
paulipropagation-jl,3,2,shared,3,2.208300000000e-05,2.653458350000e-05,3.449291500000e-06,4,9.90356210893937772e-01,0.000e+00
paulipropagation-jl,3,2,shared,4,2.645900000000e-05,2.652508300000e-05,3.589000000000e-06,4,9.90356210893937772e-01,0.000e+00
paulipropagation-jl,3,2,shared,5,3.366700000000e-05,2.639508350000e-05,3.498937500000e-06,4,9.90356210893937772e-01,0.000e+00
paulipropagation-jl,3,2,shared,6,2.641700000000e-05,2.665027100000e-05,3.515895500000e-06,4,9.90356210893937772e-01,0.000e+00
ppvm,3,3,independent,0,1.345900000000e-5,8.529150000000e-8,4.466040000000e-7,6,8.15621117331038259e-1,2.220e-16
ppvm,3,3,independent,1,1.154100000000e-5,8.816650000000e-8,4.411250000000e-7,6,8.15621117331038259e-1,2.220e-16
ppvm,3,3,independent,2,1.004200000000e-5,8.322950000000e-8,4.453750000000e-7,6,8.15621117331038259e-1,2.220e-16
ppvm,3,3,independent,3,9.083000000000e-6,8.283350000000e-8,4.460205000000e-7,6,8.15621117331038259e-1,2.220e-16
ppvm,3,3,independent,4,8.709000000000e-6,8.366700000000e-8,4.298960000000e-7,6,8.15621117331038259e-1,2.220e-16
ppvm,3,3,independent,5,8.625000000000e-6,8.358300000000e-8,4.373125000000e-7,6,8.15621117331038259e-1,2.220e-16
ppvm,3,3,independent,6,8.625000000000e-6,8.366700000000e-8,4.411455000000e-7,6,8.15621117331038259e-1,2.220e-16
paulipropagation-jl,3,3,independent,0,3.795900000000e-05,2.637816650000e-05,5.001812500000e-06,6,8.15621117331038148e-01,0.000e+00
paulipropagation-jl,3,3,independent,1,6.341600000000e-05,2.642693750000e-05,4.901083500000e-06,6,8.15621117331038148e-01,0.000e+00
paulipropagation-jl,3,3,independent,2,3.175000000000e-05,2.641802100000e-05,4.940750000000e-06,6,8.15621117331038148e-01,0.000e+00
paulipropagation-jl,3,3,independent,3,3.095900000000e-05,2.650750000000e-05,4.845833500000e-06,6,8.15621117331038148e-01,0.000e+00
paulipropagation-jl,3,3,independent,4,5.062500000000e-05,2.610512500000e-05,4.988416500000e-06,6,8.15621117331038148e-01,0.000e+00
paulipropagation-jl,3,3,independent,5,3.212500000000e-05,2.649343750000e-05,4.915187500000e-06,6,8.15621117331038148e-01,0.000e+00
paulipropagation-jl,3,3,independent,6,2.966600000000e-05,2.594681250000e-05,4.852375000000e-06,6,8.15621117331038148e-01,0.000e+00
ppvm,3,3,shared,0,1.379200000000e-5,4.991650000000e-8,4.271665000000e-7,6,9.78862124508455222e-1,1.110e-16
ppvm,3,3,shared,1,1.075000000000e-5,4.989600000000e-8,4.176040000000e-7,6,9.78862124508455222e-1,1.110e-16
ppvm,3,3,shared,2,1.225000000000e-5,5.102100000000e-8,4.380000000000e-7,6,9.78862124508455222e-1,1.110e-16
ppvm,3,3,shared,3,8.333000000000e-6,5.018750000000e-8,4.368750000000e-7,6,9.78862124508455222e-1,1.110e-16
ppvm,3,3,shared,4,9.292000000000e-6,4.895800000000e-8,4.247710000000e-7,6,9.78862124508455222e-1,1.110e-16
ppvm,3,3,shared,5,1.020800000000e-5,5.166650000000e-8,4.240210000000e-7,6,9.78862124508455222e-1,1.110e-16
ppvm,3,3,shared,6,9.708000000000e-6,4.877050000000e-8,4.323750000000e-7,6,9.78862124508455222e-1,1.110e-16
paulipropagation-jl,3,3,shared,0,3.837500000000e-05,2.661227100000e-05,5.160229500000e-06,6,9.78862124508455111e-01,0.000e+00
paulipropagation-jl,3,3,shared,1,3.420800000000e-05,2.662491650000e-05,5.133375000000e-06,6,9.78862124508455111e-01,0.000e+00
paulipropagation-jl,3,3,shared,2,3.125000000000e-05,2.655881250000e-05,5.067604500000e-06,6,9.78862124508455111e-01,0.000e+00
paulipropagation-jl,3,3,shared,3,3.162500000000e-05,2.652733350000e-05,5.179854000000e-06,6,9.78862124508455111e-01,0.000e+00
paulipropagation-jl,3,3,shared,4,3.212500000000e-05,2.655643750000e-05,4.906521000000e-06,6,9.78862124508455111e-01,0.000e+00
paulipropagation-jl,3,3,shared,5,3.400000000000e-05,2.645129150000e-05,5.212042000000e-06,6,9.78862124508455111e-01,0.000e+00
paulipropagation-jl,3,3,shared,6,3.141600000000e-05,2.642012500000e-05,5.178750000000e-06,6,9.78862124508455111e-01,0.000e+00
ppvm,3,4,independent,0,3.566700000000e-5,3.243960000000e-7,5.230625000000e-7,6,4.69763085862448471e-1,3.331e-16
ppvm,3,4,independent,1,3.233300000000e-5,3.210000000000e-7,5.382920000000e-7,6,4.69763085862448471e-1,3.331e-16
ppvm,3,4,independent,2,3.062500000000e-5,3.279375000000e-7,5.227500000000e-7,6,4.69763085862448471e-1,3.331e-16
ppvm,3,4,independent,3,2.966700000000e-5,3.251455000000e-7,5.230210000000e-7,6,4.69763085862448471e-1,3.331e-16
ppvm,3,4,independent,4,2.666700000000e-5,3.335000000000e-7,5.303125000000e-7,6,4.69763085862448471e-1,3.331e-16
ppvm,3,4,independent,5,3.670800000000e-5,3.187290000000e-7,5.430625000000e-7,6,4.69763085862448471e-1,3.331e-16
ppvm,3,4,independent,6,3.270900000000e-5,3.179795000000e-7,5.283125000000e-7,6,4.69763085862448471e-1,3.331e-16
paulipropagation-jl,3,4,independent,0,4.516700000000e-05,2.643895800000e-05,6.467437500000e-06,6,4.69763085862448526e-01,0.000e+00
paulipropagation-jl,3,4,independent,1,3.825000000000e-05,2.662718750000e-05,6.476354000000e-06,6,4.69763085862448526e-01,0.000e+00
paulipropagation-jl,3,4,independent,2,3.779200000000e-05,2.649931250000e-05,6.479375000000e-06,6,4.69763085862448526e-01,0.000e+00
paulipropagation-jl,3,4,independent,3,4.025000000000e-05,2.661675000000e-05,6.645937500000e-06,6,4.69763085862448526e-01,0.000e+00
paulipropagation-jl,3,4,independent,4,2.875000000000e-05,2.663106250000e-05,6.539708000000e-06,6,4.69763085862448526e-01,0.000e+00
paulipropagation-jl,3,4,independent,5,5.125000000000e-05,2.656570850000e-05,6.741187500000e-06,6,4.69763085862448526e-01,0.000e+00
paulipropagation-jl,3,4,independent,6,3.025000000000e-05,2.665656250000e-05,6.528208500000e-06,6,4.69763085862448526e-01,0.000e+00
ppvm,3,4,shared,0,2.979200000000e-5,1.070415000000e-7,5.481250000000e-7,6,9.63779819355197853e-1,2.220e-16
ppvm,3,4,shared,1,2.766700000000e-5,1.062085000000e-7,5.380415000000e-7,6,9.63779819355197853e-1,2.220e-16
ppvm,3,4,shared,2,2.175000000000e-5,9.862500000000e-8,5.386460000000e-7,6,9.63779819355197853e-1,2.220e-16
ppvm,3,4,shared,3,2.095800000000e-5,1.072085000000e-7,5.222710000000e-7,6,9.63779819355197853e-1,2.220e-16
ppvm,3,4,shared,4,2.200000000000e-5,1.035415000000e-7,5.353125000000e-7,6,9.63779819355197853e-1,2.220e-16
ppvm,3,4,shared,5,2.041600000000e-5,1.015415000000e-7,5.339165000000e-7,6,9.63779819355197853e-1,2.220e-16
ppvm,3,4,shared,6,2.050000000000e-5,1.025205000000e-7,5.319375000000e-7,6,9.63779819355197853e-1,2.220e-16
paulipropagation-jl,3,4,shared,0,4.112500000000e-05,2.627039550000e-05,6.538750000000e-06,6,9.63779819355197964e-01,0.000e+00
paulipropagation-jl,3,4,shared,1,6.058400000000e-05,2.627422900000e-05,6.461666500000e-06,6,9.63779819355197964e-01,0.000e+00
paulipropagation-jl,3,4,shared,2,3.454100000000e-05,2.651989600000e-05,6.312437500000e-06,6,9.63779819355197964e-01,0.000e+00
paulipropagation-jl,3,4,shared,3,3.004100000000e-05,2.655056250000e-05,6.334958500000e-06,6,9.63779819355197964e-01,0.000e+00
paulipropagation-jl,3,4,shared,4,3.395800000000e-05,2.661197900000e-05,6.161583500000e-06,6,9.63779819355197964e-01,0.000e+00
paulipropagation-jl,3,4,shared,5,3.420800000000e-05,2.644337500000e-05,6.381104000000e-06,6,9.63779819355197964e-01,0.000e+00
paulipropagation-jl,3,4,shared,6,4.366700000000e-05,2.644539600000e-05,6.432500000000e-06,6,9.63779819355197964e-01,0.000e+00
ppvm,3,5,independent,0,1.054170000000e-4,1.283645500000e-6,6.317710000000e-7,6,2.68698855243538315e-1,4.441e-16
ppvm,3,5,independent,1,9.841700000000e-5,1.302187500000e-6,6.346250000000e-7,6,2.68698855243538315e-1,4.441e-16
ppvm,3,5,independent,2,9.637500000000e-5,1.283896000000e-6,6.228335000000e-7,6,2.68698855243538315e-1,4.441e-16
ppvm,3,5,independent,3,9.391700000000e-5,1.283979500000e-6,6.237705000000e-7,6,2.68698855243538315e-1,4.441e-16
ppvm,3,5,independent,4,9.187500000000e-5,1.288604500000e-6,6.235420000000e-7,6,2.68698855243538315e-1,4.441e-16
ppvm,3,5,independent,5,8.970800000000e-5,1.284500000000e-6,6.235415000000e-7,6,2.68698855243538315e-1,4.441e-16
ppvm,3,5,independent,6,8.845900000000e-5,1.288520500000e-6,6.247915000000e-7,6,2.68698855243538315e-1,4.441e-16
paulipropagation-jl,3,5,independent,0,4.270900000000e-05,2.649216650000e-05,8.012083000000e-06,6,2.68698855243538259e-01,0.000e+00
paulipropagation-jl,3,5,independent,1,6.241700000000e-05,2.695770850000e-05,8.077166500000e-06,6,2.68698855243538259e-01,0.000e+00
paulipropagation-jl,3,5,independent,2,3.816600000000e-05,2.665906250000e-05,8.029750000000e-06,6,2.68698855243538259e-01,0.000e+00
paulipropagation-jl,3,5,independent,3,4.245800000000e-05,2.662058350000e-05,7.978145500000e-06,6,2.68698855243538259e-01,0.000e+00
paulipropagation-jl,3,5,independent,4,3.950000000000e-05,2.821400000000e-05,7.926521000000e-06,6,2.68698855243538259e-01,0.000e+00
paulipropagation-jl,3,5,independent,5,4.012500000000e-05,2.674316650000e-05,7.882000000000e-06,6,2.68698855243538259e-01,0.000e+00
paulipropagation-jl,3,5,independent,6,4.291600000000e-05,2.676808350000e-05,7.768271000000e-06,6,2.68698855243538259e-01,0.000e+00
ppvm,3,5,shared,0,5.691600000000e-5,2.119790000000e-7,6.741460000000e-7,6,9.46037792160559499e-1,3.331e-16
ppvm,3,5,shared,1,9.166700000000e-5,2.003330000000e-7,6.614790000000e-7,6,9.46037792160559499e-1,3.331e-16
ppvm,3,5,shared,2,5.541700000000e-5,2.005210000000e-7,6.524170000000e-7,6,9.46037792160559499e-1,3.331e-16
ppvm,3,5,shared,3,5.350000000000e-5,2.023545000000e-7,6.647295000000e-7,6,9.46037792160559499e-1,3.331e-16
ppvm,3,5,shared,4,5.654200000000e-5,2.098955000000e-7,6.404375000000e-7,6,9.46037792160559499e-1,3.331e-16
ppvm,3,5,shared,5,5.037500000000e-5,2.115000000000e-7,7.105415000000e-7,6,9.46037792160559499e-1,3.331e-16
ppvm,3,5,shared,6,5.895900000000e-5,1.989170000000e-7,6.522085000000e-7,6,9.46037792160559499e-1,3.331e-16
paulipropagation-jl,3,5,shared,0,4.366700000000e-05,2.661291650000e-05,8.183875000000e-06,6,9.46037792160559499e-01,0.000e+00
paulipropagation-jl,3,5,shared,1,3.858400000000e-05,2.669010400000e-05,7.876375000000e-06,6,9.46037792160559499e-01,0.000e+00
paulipropagation-jl,3,5,shared,2,4.250000000000e-05,2.635960450000e-05,7.921479000000e-06,6,9.46037792160559499e-01,0.000e+00
paulipropagation-jl,3,5,shared,3,3.829200000000e-05,2.666287500000e-05,8.021062500000e-06,6,9.46037792160559499e-01,0.000e+00
paulipropagation-jl,3,5,shared,4,3.712500000000e-05,2.654608350000e-05,7.864916500000e-06,6,9.46037792160559499e-01,0.000e+00
paulipropagation-jl,3,5,shared,5,3.641600000000e-05,2.540335450000e-05,7.813729500000e-06,6,9.46037792160559499e-01,0.000e+00
paulipropagation-jl,3,5,shared,6,4.279200000000e-05,2.654550000000e-05,8.037146000000e-06,6,9.46037792160559499e-01,0.000e+00
ppvm,3,6,independent,0,3.800420000000e-4,5.019500000000e-6,7.232710000000e-7,6,2.21202436593547214e-1,5.551e-16
ppvm,3,6,independent,1,3.996250000000e-4,5.024542000000e-6,7.222920000000e-7,6,2.21202436593547214e-1,5.551e-16
ppvm,3,6,independent,2,3.737500000000e-4,4.991062500000e-6,7.184585000000e-7,6,2.21202436593547214e-1,5.551e-16
ppvm,3,6,independent,3,3.716250000000e-4,5.006000000000e-6,7.272085000000e-7,6,2.21202436593547214e-1,5.551e-16
ppvm,3,6,independent,4,3.610420000000e-4,4.994854000000e-6,7.188750000000e-7,6,2.21202436593547214e-1,5.551e-16
ppvm,3,6,independent,5,3.547500000000e-4,4.966520500000e-6,7.096665000000e-7,6,2.21202436593547214e-1,5.551e-16
ppvm,3,6,independent,6,3.418750000000e-4,4.937604500000e-6,7.178125000000e-7,6,2.21202436593547214e-1,5.551e-16
paulipropagation-jl,3,6,independent,0,5.045800000000e-05,2.725735400000e-05,9.172812500000e-06,6,2.21202436593547158e-01,0.000e+00
paulipropagation-jl,3,6,independent,1,4.791600000000e-05,2.651522900000e-05,1.047777100000e-05,6,2.21202436593547158e-01,0.000e+00
paulipropagation-jl,3,6,independent,2,4.333300000000e-05,2.692206250000e-05,9.637520500000e-06,6,2.21202436593547158e-01,0.000e+00
paulipropagation-jl,3,6,independent,3,4.104200000000e-05,2.694312500000e-05,9.565916500000e-06,6,2.21202436593547158e-01,0.000e+00
paulipropagation-jl,3,6,independent,4,3.883300000000e-05,2.778068750000e-05,9.529020500000e-06,6,2.21202436593547158e-01,0.000e+00
paulipropagation-jl,3,6,independent,5,4.304200000000e-05,2.670279150000e-05,9.676771000000e-06,6,2.21202436593547158e-01,0.000e+00
paulipropagation-jl,3,6,independent,6,4.795800000000e-05,2.703450000000e-05,9.537500000000e-06,6,2.21202436593547158e-01,0.000e+00
ppvm,3,6,shared,0,1.042920000000e-4,3.230415000000e-7,7.298125000000e-7,6,9.26720632442085912e-1,2.220e-16
ppvm,3,6,shared,1,9.820800000000e-5,3.554165000000e-7,7.549375000000e-7,6,9.26720632442085912e-1,2.220e-16
ppvm,3,6,shared,2,9.341700000000e-5,3.522705000000e-7,7.388125000000e-7,6,9.26720632442085912e-1,2.220e-16
ppvm,3,6,shared,3,9.379100000000e-5,3.593960000000e-7,7.418960000000e-7,6,9.26720632442085912e-1,2.220e-16
ppvm,3,6,shared,4,9.270900000000e-5,3.523960000000e-7,7.395000000000e-7,6,9.26720632442085912e-1,2.220e-16
ppvm,3,6,shared,5,9.279200000000e-5,3.640000000000e-7,7.286460000000e-7,6,9.26720632442085912e-1,2.220e-16
ppvm,3,6,shared,6,1.100830000000e-4,3.809375000000e-7,7.493750000000e-7,6,9.26720632442085912e-1,2.220e-16
paulipropagation-jl,3,6,shared,0,4.675000000000e-05,2.687472900000e-05,9.325958500000e-06,6,9.26720632442086134e-01,0.000e+00
paulipropagation-jl,3,6,shared,1,4.233300000000e-05,2.678783350000e-05,9.453354000000e-06,6,9.26720632442086134e-01,0.000e+00
paulipropagation-jl,3,6,shared,2,3.800000000000e-05,2.682085400000e-05,9.440708500000e-06,6,9.26720632442086134e-01,0.000e+00
paulipropagation-jl,3,6,shared,3,3.633300000000e-05,2.700612500000e-05,9.324416500000e-06,6,9.26720632442086134e-01,0.000e+00
paulipropagation-jl,3,6,shared,4,4.170900000000e-05,2.705027050000e-05,9.469021000000e-06,6,9.26720632442086134e-01,0.000e+00
paulipropagation-jl,3,6,shared,5,4.116700000000e-05,2.665193750000e-05,9.391479000000e-06,6,9.26720632442086134e-01,0.000e+00
paulipropagation-jl,3,6,shared,6,4.620800000000e-05,2.690837500000e-05,9.389479000000e-06,6,9.26720632442086134e-01,0.000e+00
ppvm,4,1,independent,0,3.917000000000e-6,6.687500000000e-9,2.935830000000e-7,2,9.97551000253279585e-1,5.551e-17
ppvm,4,1,independent,1,1.666000000000e-6,6.625000000000e-9,2.901460000000e-7,2,9.97551000253279585e-1,5.551e-17
ppvm,4,1,independent,2,1.292000000000e-6,6.646000000000e-9,2.896250000000e-7,2,9.97551000253279585e-1,5.551e-17
ppvm,4,1,independent,3,1.250000000000e-6,6.646000000000e-9,2.919165000000e-7,2,9.97551000253279585e-1,5.551e-17
ppvm,4,1,independent,4,1.209000000000e-6,6.583500000000e-9,2.892500000000e-7,2,9.97551000253279585e-1,5.551e-17
ppvm,4,1,independent,5,1.208000000000e-6,6.604500000000e-9,2.911045000000e-7,2,9.97551000253279585e-1,5.551e-17
ppvm,4,1,independent,6,1.167000000000e-6,6.541500000000e-9,2.899165000000e-7,2,9.97551000253279585e-1,5.551e-17
paulipropagation-jl,4,1,independent,0,5.287500000000e-05,2.634877050000e-05,2.509625000000e-06,2,9.97551000253279585e-01,0.000e+00
paulipropagation-jl,4,1,independent,1,2.916700000000e-05,2.619289550000e-05,2.514250000000e-06,2,9.97551000253279585e-01,0.000e+00
paulipropagation-jl,4,1,independent,2,2.908300000000e-05,2.626922900000e-05,2.505146000000e-06,2,9.97551000253279585e-01,0.000e+00
paulipropagation-jl,4,1,independent,3,2.804100000000e-05,2.641537500000e-05,2.501062500000e-06,2,9.97551000253279585e-01,0.000e+00
paulipropagation-jl,4,1,independent,4,2.725000000000e-05,2.621547900000e-05,2.465646000000e-06,2,9.97551000253279585e-01,0.000e+00
paulipropagation-jl,4,1,independent,5,2.112500000000e-05,2.629525000000e-05,2.438208500000e-06,2,9.97551000253279585e-01,0.000e+00
paulipropagation-jl,4,1,independent,6,2.675000000000e-05,2.618237500000e-05,2.244500000000e-06,2,9.97551000253279585e-01,0.000e+00
ppvm,4,1,shared,0,4.542000000000e-6,6.667000000000e-9,3.091875000000e-7,2,9.97551000253279585e-1,5.551e-17
ppvm,4,1,shared,1,1.833000000000e-6,6.583000000000e-9,2.998335000000e-7,2,9.97551000253279585e-1,5.551e-17
ppvm,4,1,shared,2,1.292000000000e-6,6.542000000000e-9,3.055835000000e-7,2,9.97551000253279585e-1,5.551e-17
ppvm,4,1,shared,3,1.209000000000e-6,6.521000000000e-9,3.041460000000e-7,2,9.97551000253279585e-1,5.551e-17
ppvm,4,1,shared,4,1.208000000000e-6,6.521000000000e-9,3.092290000000e-7,2,9.97551000253279585e-1,5.551e-17
ppvm,4,1,shared,5,1.208000000000e-6,6.541500000000e-9,3.064795000000e-7,2,9.97551000253279585e-1,5.551e-17
ppvm,4,1,shared,6,1.167000000000e-6,6.500000000000e-9,3.038960000000e-7,2,9.97551000253279585e-1,5.551e-17
paulipropagation-jl,4,1,shared,0,3.141600000000e-05,2.640470850000e-05,2.561979000000e-06,2,9.97551000253279585e-01,0.000e+00
paulipropagation-jl,4,1,shared,1,4.595800000000e-05,2.652452100000e-05,2.533937500000e-06,2,9.97551000253279585e-01,0.000e+00
paulipropagation-jl,4,1,shared,2,2.266700000000e-05,2.592285400000e-05,2.558354000000e-06,2,9.97551000253279585e-01,0.000e+00
paulipropagation-jl,4,1,shared,3,3.512500000000e-05,2.612172900000e-05,2.610250000000e-06,2,9.97551000253279585e-01,0.000e+00
paulipropagation-jl,4,1,shared,4,2.920900000000e-05,2.656445800000e-05,2.541500000000e-06,2,9.97551000253279585e-01,0.000e+00
paulipropagation-jl,4,1,shared,5,2.145900000000e-05,2.637204200000e-05,2.553791500000e-06,2,9.97551000253279585e-01,0.000e+00
paulipropagation-jl,4,1,shared,6,2.587500000000e-05,2.639654150000e-05,2.492375000000e-06,2,9.97551000253279585e-01,0.000e+00
ppvm,4,2,independent,0,6.250000000000e-6,2.093750000000e-8,4.434165000000e-7,4,9.64105813326767924e-1,1.110e-16
ppvm,4,2,independent,1,5.583000000000e-6,2.522900000000e-8,4.428955000000e-7,4,9.64105813326767924e-1,1.110e-16
ppvm,4,2,independent,2,4.250000000000e-6,2.622900000000e-8,5.510000000000e-7,4,9.64105813326767924e-1,1.110e-16
ppvm,4,2,independent,3,7.667000000000e-6,2.379200000000e-8,4.243335000000e-7,4,9.64105813326767924e-1,1.110e-16
ppvm,4,2,independent,4,9.000000000000e-6,2.356250000000e-8,4.065835000000e-7,4,9.64105813326767924e-1,1.110e-16
ppvm,4,2,independent,5,4.250000000000e-6,2.510400000000e-8,4.074585000000e-7,4,9.64105813326767924e-1,1.110e-16
ppvm,4,2,independent,6,3.666000000000e-6,2.395850000000e-8,4.164375000000e-7,4,9.64105813326767924e-1,1.110e-16
paulipropagation-jl,4,2,independent,0,3.379200000000e-05,2.671322900000e-05,4.404396000000e-06,4,9.64105813326767924e-01,0.000e+00
paulipropagation-jl,4,2,independent,1,3.370900000000e-05,2.643410450000e-05,4.438312500000e-06,4,9.64105813326767924e-01,0.000e+00
paulipropagation-jl,4,2,independent,2,3.333400000000e-05,2.650200000000e-05,4.415291500000e-06,4,9.64105813326767924e-01,0.000e+00
paulipropagation-jl,4,2,independent,3,3.054100000000e-05,2.628818750000e-05,4.477812500000e-06,4,9.64105813326767924e-01,0.000e+00
paulipropagation-jl,4,2,independent,4,2.912500000000e-05,2.671483350000e-05,4.124333000000e-06,4,9.64105813326767924e-01,0.000e+00
paulipropagation-jl,4,2,independent,5,3.045800000000e-05,2.655433350000e-05,4.419937500000e-06,4,9.64105813326767924e-01,0.000e+00
paulipropagation-jl,4,2,independent,6,2.595900000000e-05,2.664120800000e-05,4.380000000000e-06,4,9.64105813326767924e-01,0.000e+00
ppvm,4,2,shared,0,6.500000000000e-6,1.752100000000e-8,4.661875000000e-7,4,9.90356210893937772e-1,1.388e-17
ppvm,4,2,shared,1,7.083000000000e-6,1.585400000000e-8,4.542710000000e-7,4,9.90356210893937772e-1,1.388e-17
ppvm,4,2,shared,2,3.917000000000e-6,1.581250000000e-8,4.463750000000e-7,4,9.90356210893937772e-1,1.388e-17
ppvm,4,2,shared,3,3.333000000000e-6,1.572950000000e-8,4.602290000000e-7,4,9.90356210893937772e-1,1.388e-17
ppvm,4,2,shared,4,7.958000000000e-6,1.547950000000e-8,4.740210000000e-7,4,9.90356210893937772e-1,1.388e-17
ppvm,4,2,shared,5,3.416000000000e-6,1.500000000000e-8,4.569585000000e-7,4,9.90356210893937772e-1,1.388e-17
ppvm,4,2,shared,6,3.250000000000e-6,1.493750000000e-8,4.739585000000e-7,4,9.90356210893937772e-1,1.388e-17
paulipropagation-jl,4,2,shared,0,3.200000000000e-05,2.640695800000e-05,4.463833500000e-06,4,9.90356210893937772e-01,0.000e+00
paulipropagation-jl,4,2,shared,1,4.479200000000e-05,2.617760400000e-05,4.398604500000e-06,4,9.90356210893937772e-01,0.000e+00
paulipropagation-jl,4,2,shared,2,3.179200000000e-05,2.610585400000e-05,4.435958500000e-06,4,9.90356210893937772e-01,0.000e+00
paulipropagation-jl,4,2,shared,3,3.037500000000e-05,2.610577050000e-05,4.321917000000e-06,4,9.90356210893937772e-01,0.000e+00
paulipropagation-jl,4,2,shared,4,3.375000000000e-05,2.618060400000e-05,4.328833500000e-06,4,9.90356210893937772e-01,0.000e+00
paulipropagation-jl,4,2,shared,5,3.050000000000e-05,2.596847950000e-05,4.379083000000e-06,4,9.90356210893937772e-01,0.000e+00
paulipropagation-jl,4,2,shared,6,3.025000000000e-05,2.607304200000e-05,4.383437500000e-06,4,9.90356210893937772e-01,0.000e+00
ppvm,4,3,independent,0,1.633300000000e-5,8.243750000000e-8,6.246665000000e-7,6,8.32976772349296790e-1,2.220e-16
ppvm,4,3,independent,1,1.375000000000e-5,8.318750000000e-8,6.286250000000e-7,6,8.32976772349296790e-1,2.220e-16
ppvm,4,3,independent,2,1.012500000000e-5,8.160400000000e-8,6.296455000000e-7,6,8.32976772349296790e-1,2.220e-16
ppvm,4,3,independent,3,9.541000000000e-6,8.316700000000e-8,6.278545000000e-7,6,8.32976772349296790e-1,2.220e-16
ppvm,4,3,independent,4,9.750000000000e-6,8.316700000000e-8,6.322085000000e-7,6,8.32976772349296790e-1,2.220e-16
ppvm,4,3,independent,5,9.417000000000e-6,8.193750000000e-8,6.292290000000e-7,6,8.32976772349296790e-1,2.220e-16
ppvm,4,3,independent,6,9.292000000000e-6,8.322950000000e-8,6.314170000000e-7,6,8.32976772349296790e-1,2.220e-16
paulipropagation-jl,4,3,independent,0,4.016600000000e-05,2.622616700000e-05,6.266770500000e-06,6,8.32976772349297012e-01,0.000e+00
paulipropagation-jl,4,3,independent,1,3.487500000000e-05,2.621077100000e-05,6.320500000000e-06,6,8.32976772349297012e-01,0.000e+00
paulipropagation-jl,4,3,independent,2,3.270800000000e-05,2.620350000000e-05,6.224312500000e-06,6,8.32976772349297012e-01,0.000e+00
paulipropagation-jl,4,3,independent,3,3.237500000000e-05,2.632416700000e-05,6.297729000000e-06,6,8.32976772349297012e-01,0.000e+00
paulipropagation-jl,4,3,independent,4,3.462500000000e-05,2.620795800000e-05,6.284375000000e-06,6,8.32976772349297012e-01,0.000e+00
paulipropagation-jl,4,3,independent,5,3.433400000000e-05,2.625927050000e-05,6.395437500000e-06,6,8.32976772349297012e-01,0.000e+00
paulipropagation-jl,4,3,independent,6,3.504100000000e-05,2.632631250000e-05,6.342146000000e-06,6,8.32976772349297012e-01,0.000e+00
ppvm,4,3,shared,0,1.670800000000e-5,4.939550000000e-8,6.487085000000e-7,6,9.78862124508455222e-1,1.110e-16
ppvm,4,3,shared,1,1.041600000000e-5,5.066700000000e-8,6.451455000000e-7,6,9.78862124508455222e-1,1.110e-16
ppvm,4,3,shared,2,9.042000000000e-6,5.016650000000e-8,6.430000000000e-7,6,9.78862124508455222e-1,1.110e-16
ppvm,4,3,shared,3,8.917000000000e-6,4.979150000000e-8,6.440415000000e-7,6,9.78862124508455222e-1,1.110e-16
ppvm,4,3,shared,4,9.959000000000e-6,4.843750000000e-8,6.463125000000e-7,6,9.78862124508455222e-1,1.110e-16
ppvm,4,3,shared,5,9.041000000000e-6,4.860400000000e-8,6.461460000000e-7,6,9.78862124508455222e-1,1.110e-16
ppvm,4,3,shared,6,8.542000000000e-6,4.754200000000e-8,6.453960000000e-7,6,9.78862124508455222e-1,1.110e-16
paulipropagation-jl,4,3,shared,0,3.866700000000e-05,2.664781250000e-05,6.604583000000e-06,6,9.78862124508455111e-01,0.000e+00
paulipropagation-jl,4,3,shared,1,3.800000000000e-05,2.655195850000e-05,6.615437500000e-06,6,9.78862124508455111e-01,0.000e+00
paulipropagation-jl,4,3,shared,2,3.512500000000e-05,2.657410400000e-05,6.505500000000e-06,6,9.78862124508455111e-01,0.000e+00
paulipropagation-jl,4,3,shared,3,3.770800000000e-05,2.669262500000e-05,6.671062500000e-06,6,9.78862124508455111e-01,0.000e+00
paulipropagation-jl,4,3,shared,4,3.333300000000e-05,2.644347900000e-05,6.691458500000e-06,6,9.78862124508455111e-01,0.000e+00
paulipropagation-jl,4,3,shared,5,3.408400000000e-05,2.669141650000e-05,6.584416500000e-06,6,9.78862124508455111e-01,0.000e+00
paulipropagation-jl,4,3,shared,6,3.695800000000e-05,2.662541650000e-05,6.533354000000e-06,6,9.78862124508455111e-01,0.000e+00
ppvm,4,4,independent,0,4.320800000000e-5,3.200210000000e-7,8.559585000000e-7,8,5.50710876921320036e-1,2.220e-16
ppvm,4,4,independent,1,3.475000000000e-5,3.215000000000e-7,8.505625000000e-7,8,5.50710876921320036e-1,2.220e-16
ppvm,4,4,independent,2,3.125000000000e-5,3.216250000000e-7,8.477920000000e-7,8,5.50710876921320036e-1,2.220e-16
ppvm,4,4,independent,3,2.908300000000e-5,3.213955000000e-7,8.455415000000e-7,8,5.50710876921320036e-1,2.220e-16
ppvm,4,4,independent,4,2.933300000000e-5,3.214790000000e-7,8.370625000000e-7,8,5.50710876921320036e-1,2.220e-16
ppvm,4,4,independent,5,2.858300000000e-5,3.215000000000e-7,8.373125000000e-7,8,5.50710876921320036e-1,2.220e-16
ppvm,4,4,independent,6,2.833300000000e-5,3.212290000000e-7,8.367290000000e-7,8,5.50710876921320036e-1,2.220e-16
paulipropagation-jl,4,4,independent,0,4.812500000000e-05,2.669202100000e-05,8.649666500000e-06,8,5.50710876921320258e-01,0.000e+00
paulipropagation-jl,4,4,independent,1,4.170800000000e-05,2.641635400000e-05,8.786271000000e-06,8,5.50710876921320258e-01,0.000e+00
paulipropagation-jl,4,4,independent,2,3.712500000000e-05,2.661245800000e-05,8.751604500000e-06,8,5.50710876921320258e-01,0.000e+00
paulipropagation-jl,4,4,independent,3,3.470800000000e-05,2.654093750000e-05,8.519521000000e-06,8,5.50710876921320258e-01,0.000e+00
paulipropagation-jl,4,4,independent,4,3.675000000000e-05,2.630606250000e-05,8.516479500000e-06,8,5.50710876921320258e-01,0.000e+00
paulipropagation-jl,4,4,independent,5,3.912500000000e-05,2.657362500000e-05,8.540271000000e-06,8,5.50710876921320258e-01,0.000e+00
paulipropagation-jl,4,4,independent,6,3.358400000000e-05,2.832987500000e-05,8.652937500000e-06,8,5.50710876921320258e-01,0.000e+00
ppvm,4,4,shared,0,4.166600000000e-5,1.052915000000e-7,8.512290000000e-7,8,9.63779819355197853e-1,2.220e-16
ppvm,4,4,shared,1,2.733300000000e-5,1.049375000000e-7,8.471665000000e-7,8,9.63779819355197853e-1,2.220e-16
ppvm,4,4,shared,2,2.354100000000e-5,1.045210000000e-7,8.450625000000e-7,8,9.63779819355197853e-1,2.220e-16
ppvm,4,4,shared,3,2.279100000000e-5,1.045210000000e-7,8.467710000000e-7,8,9.63779819355197853e-1,2.220e-16
ppvm,4,4,shared,4,2.441700000000e-5,1.037915000000e-7,8.457500000000e-7,8,9.63779819355197853e-1,2.220e-16
ppvm,4,4,shared,5,2.262500000000e-5,1.052710000000e-7,8.460830000000e-7,8,9.63779819355197853e-1,2.220e-16
ppvm,4,4,shared,6,2.250000000000e-5,1.037500000000e-7,8.428955000000e-7,8,9.63779819355197853e-1,2.220e-16
paulipropagation-jl,4,4,shared,0,4.491700000000e-05,2.652652100000e-05,8.696875000000e-06,8,9.63779819355197964e-01,0.000e+00
paulipropagation-jl,4,4,shared,1,4.175000000000e-05,2.620372900000e-05,8.770750000000e-06,8,9.63779819355197964e-01,0.000e+00
paulipropagation-jl,4,4,shared,2,4.008400000000e-05,2.617991650000e-05,8.627396000000e-06,8,9.63779819355197964e-01,0.000e+00
paulipropagation-jl,4,4,shared,3,3.495900000000e-05,2.648050000000e-05,8.703854000000e-06,8,9.63779819355197964e-01,0.000e+00
paulipropagation-jl,4,4,shared,4,3.570800000000e-05,2.611777100000e-05,8.808354000000e-06,8,9.63779819355197964e-01,0.000e+00
paulipropagation-jl,4,4,shared,5,3.779200000000e-05,2.653045800000e-05,8.404937500000e-06,8,9.63779819355197964e-01,0.000e+00
paulipropagation-jl,4,4,shared,6,3.833300000000e-05,2.652429150000e-05,8.618625000000e-06,8,9.63779819355197964e-01,0.000e+00
ppvm,4,5,independent,0,1.234580000000e-4,1.274562500000e-6,1.052750000000e-6,8,4.78530865097131775e-2,2.845e-16
ppvm,4,5,independent,1,1.097080000000e-4,1.270479000000e-6,1.059416500000e-6,8,4.78530865097131775e-2,2.845e-16
ppvm,4,5,independent,2,1.031250000000e-4,1.263520500000e-6,1.051625000000e-6,8,4.78530865097131775e-2,2.845e-16
ppvm,4,5,independent,3,1.016250000000e-4,1.271250000000e-6,1.064021000000e-6,8,4.78530865097131775e-2,2.845e-16
ppvm,4,5,independent,4,9.900000000000e-5,1.270750000000e-6,1.045625000000e-6,8,4.78530865097131775e-2,2.845e-16
ppvm,4,5,independent,5,9.966700000000e-5,1.267958000000e-6,1.050042000000e-6,8,4.78530865097131775e-2,2.845e-16
ppvm,4,5,independent,6,9.637500000000e-5,1.268792000000e-6,1.051041500000e-6,8,4.78530865097131775e-2,2.845e-16
paulipropagation-jl,4,5,independent,0,4.625000000000e-05,2.677314600000e-05,1.101983300000e-05,8,4.78530865097134828e-02,0.000e+00
paulipropagation-jl,4,5,independent,1,6.366700000000e-05,2.668177050000e-05,1.126829200000e-05,8,4.78530865097134828e-02,0.000e+00
paulipropagation-jl,4,5,independent,2,4.479200000000e-05,2.657035400000e-05,1.126743750000e-05,8,4.78530865097134828e-02,0.000e+00
paulipropagation-jl,4,5,independent,3,4.462500000000e-05,2.649477100000e-05,1.094668750000e-05,8,4.78530865097134828e-02,0.000e+00
paulipropagation-jl,4,5,independent,4,4.445800000000e-05,2.632210400000e-05,1.130764600000e-05,8,4.78530865097134828e-02,0.000e+00
paulipropagation-jl,4,5,independent,5,4.483300000000e-05,2.679850000000e-05,1.094131250000e-05,8,4.78530865097134828e-02,0.000e+00
paulipropagation-jl,4,5,independent,6,4.266700000000e-05,2.762627050000e-05,1.083227100000e-05,8,4.78530865097134828e-02,0.000e+00
ppvm,4,5,shared,0,7.050000000000e-5,1.969585000000e-7,1.044042000000e-6,8,9.46037792160559499e-1,3.331e-16
ppvm,4,5,shared,1,5.483300000000e-5,2.009585000000e-7,1.059229500000e-6,8,9.46037792160559499e-1,3.331e-16
ppvm,4,5,shared,2,5.979200000000e-5,2.038335000000e-7,1.066708500000e-6,8,9.46037792160559499e-1,3.331e-16
ppvm,4,5,shared,3,5.287500000000e-5,1.914165000000e-7,1.070250000000e-6,8,9.46037792160559499e-1,3.331e-16
ppvm,4,5,shared,4,5.191700000000e-5,2.045830000000e-7,1.052646000000e-6,8,9.46037792160559499e-1,3.331e-16
ppvm,4,5,shared,5,5.112500000000e-5,2.037085000000e-7,1.047541500000e-6,8,9.46037792160559499e-1,3.331e-16
ppvm,4,5,shared,6,5.458400000000e-5,2.035835000000e-7,1.149312500000e-6,8,9.46037792160559499e-1,3.331e-16
paulipropagation-jl,4,5,shared,0,4.704200000000e-05,2.709097900000e-05,1.114483350000e-05,8,9.46037792160559499e-01,0.000e+00
paulipropagation-jl,4,5,shared,1,4.912500000000e-05,2.702195800000e-05,1.105335400000e-05,8,9.46037792160559499e-01,0.000e+00
paulipropagation-jl,4,5,shared,2,3.637500000000e-05,2.683364550000e-05,1.093085450000e-05,8,9.46037792160559499e-01,0.000e+00
paulipropagation-jl,4,5,shared,3,4.429200000000e-05,2.690297900000e-05,1.127193750000e-05,8,9.46037792160559499e-01,0.000e+00
paulipropagation-jl,4,5,shared,4,4.279100000000e-05,2.677343750000e-05,1.121808350000e-05,8,9.46037792160559499e-01,0.000e+00
paulipropagation-jl,4,5,shared,5,4.012500000000e-05,2.642381250000e-05,1.118687500000e-05,8,9.46037792160559499e-01,0.000e+00
paulipropagation-jl,4,5,shared,6,4.437500000000e-05,2.675291700000e-05,1.123091650000e-05,8,9.46037792160559499e-01,0.000e+00
ppvm,4,6,independent,0,4.644590000000e-4,5.042583500000e-6,1.305583000000e-6,8,-1.08684150300796589e-1,5.551e-16
ppvm,4,6,independent,1,4.329170000000e-4,5.035646000000e-6,1.250354000000e-6,8,-1.08684150300796589e-1,5.551e-16
ppvm,4,6,independent,2,4.196670000000e-4,5.040083500000e-6,1.280292000000e-6,8,-1.08684150300796589e-1,5.551e-16
ppvm,4,6,independent,3,4.210420000000e-4,4.997104000000e-6,1.229167000000e-6,8,-1.08684150300796589e-1,5.551e-16
ppvm,4,6,independent,4,4.230000000000e-4,5.052250000000e-6,1.305125000000e-6,8,-1.08684150300796589e-1,5.551e-16
ppvm,4,6,independent,5,4.093330000000e-4,5.074500000000e-6,1.270520500000e-6,8,-1.08684150300796589e-1,5.551e-16
ppvm,4,6,independent,6,4.191250000000e-4,4.989167000000e-6,1.278646000000e-6,8,-1.08684150300796589e-1,5.551e-16
paulipropagation-jl,4,6,independent,0,4.954200000000e-05,2.696837500000e-05,1.321504150000e-05,8,-1.08684150300796173e-01,0.000e+00
paulipropagation-jl,4,6,independent,1,6.279200000000e-05,2.687445850000e-05,1.315687500000e-05,8,-1.08684150300796173e-01,0.000e+00
paulipropagation-jl,4,6,independent,2,5.954200000000e-05,2.685002050000e-05,1.322506250000e-05,8,-1.08684150300796173e-01,0.000e+00
paulipropagation-jl,4,6,independent,3,5.391600000000e-05,2.711400000000e-05,1.322704200000e-05,8,-1.08684150300796173e-01,0.000e+00
paulipropagation-jl,4,6,independent,4,4.483400000000e-05,2.708289550000e-05,1.315495850000e-05,8,-1.08684150300796173e-01,0.000e+00
paulipropagation-jl,4,6,independent,5,4.220800000000e-05,2.697589600000e-05,1.356177100000e-05,8,-1.08684150300796173e-01,0.000e+00
paulipropagation-jl,4,6,independent,6,5.725000000000e-05,2.688262500000e-05,1.341058300000e-05,8,-1.08684150300796173e-01,0.000e+00
ppvm,4,6,shared,0,1.215410000000e-4,4.123960000000e-7,1.138250000000e-6,8,9.26720632452798676e-1,3.331e-16
ppvm,4,6,shared,1,1.184590000000e-4,3.606250000000e-7,1.233417000000e-6,8,9.26720632452798676e-1,3.331e-16
ppvm,4,6,shared,2,1.144580000000e-4,3.420000000000e-7,1.233437500000e-6,8,9.26720632452798676e-1,3.331e-16
ppvm,4,6,shared,3,1.055000000000e-4,3.612705000000e-7,1.273521000000e-6,8,9.26720632452798676e-1,3.331e-16
ppvm,4,6,shared,4,1.129160000000e-4,3.472295000000e-7,1.244542000000e-6,8,9.26720632452798676e-1,3.331e-16
ppvm,4,6,shared,5,1.170410000000e-4,3.593125000000e-7,1.233375000000e-6,8,9.26720632452798676e-1,3.331e-16
ppvm,4,6,shared,6,1.077090000000e-4,3.590210000000e-7,1.222937500000e-6,8,9.26720632452798676e-1,3.331e-16
paulipropagation-jl,4,6,shared,0,5.791700000000e-05,2.682889550000e-05,1.334668750000e-05,8,9.26720632452799009e-01,0.000e+00
paulipropagation-jl,4,6,shared,1,5.133400000000e-05,2.676087500000e-05,1.331537500000e-05,8,9.26720632452799009e-01,0.000e+00
paulipropagation-jl,4,6,shared,2,5.575000000000e-05,2.684500000000e-05,1.347077100000e-05,8,9.26720632452799009e-01,0.000e+00
paulipropagation-jl,4,6,shared,3,1.108330000000e-04,2.697750000000e-05,1.340810450000e-05,8,9.26720632452799009e-01,0.000e+00
paulipropagation-jl,4,6,shared,4,4.900000000000e-05,2.688439600000e-05,1.318983350000e-05,8,9.26720632452799009e-01,0.000e+00
paulipropagation-jl,4,6,shared,5,4.916700000000e-05,2.709481250000e-05,1.343804150000e-05,8,9.26720632452799009e-01,0.000e+00
paulipropagation-jl,4,6,shared,6,6.145800000000e-05,2.701104200000e-05,1.342643750000e-05,8,9.26720632452799009e-01,0.000e+00
