engine,qubits,steps,mode,terms,observable,build_s,eval_s,numeric_s,break_even_evaluations
ppvm,3,1,independent,2,9.97551000253279585e-1,1.125e-06,6.6455e-09,2.40354e-07,5
paulipropagation-jl,3,1,independent,2,9.97551000253279585e-01,2.75e-05,2.64292915e-05,2.068979e-06,
ppvm,3,1,shared,2,9.97551000253279585e-1,1.083e-06,7.125e-09,2.165e-07,6
paulipropagation-jl,3,1,shared,2,9.97551000253279585e-01,2.5292e-05,2.6401333e-05,2.0508125e-06,
ppvm,3,2,independent,4,9.00401194474349853e-1,4.791e-06,2.38125e-08,3.30208e-07,16
paulipropagation-jl,3,2,independent,4,9.00401194474349853e-01,3.1042e-05,2.64157915e-05,3.5063125e-06,
ppvm,3,2,shared,4,9.90356210893937772e-1,3.583e-06,1.71875e-08,3.187085e-07,12
paulipropagation-jl,3,2,shared,4,9.90356210893937772e-01,3.0459e-05,2.6514146e-05,3.477375e-06,
ppvm,3,3,independent,6,8.15621117331038259e-1,9.083e-06,8.3667e-08,4.411455e-07,26
paulipropagation-jl,3,3,independent,6,8.15621117331038148e-01,3.2125e-05,2.6418021e-05,4.9151875e-06,
ppvm,3,3,shared,6,9.78862124508455222e-1,1.0208e-05,4.99165e-08,4.271665e-07,28
paulipropagation-jl,3,3,shared,6,9.78862124508455111e-01,3.2125e-05,2.65564375e-05,5.1602295e-06,
ppvm,3,4,independent,6,4.69763085862448471e-1,3.2333e-05,3.24396e-07,5.283125e-07,159
paulipropagation-jl,3,4,independent,6,4.69763085862448526e-01,3.825e-05,2.661675e-05,6.5282085e-06,
ppvm,3,4,shared,6,9.63779819355197853e-1,2.175e-05,1.035415e-07,5.353125e-07,51
paulipropagation-jl,3,4,shared,6,9.63779819355197964e-01,3.4541e-05,2.6445396e-05,6.381104e-06,
ppvm,3,5,independent,6,2.68698855243538315e-1,9.3917e-05,1.2845e-06,6.237705e-07,
paulipropagation-jl,3,5,independent,6,2.68698855243538259e-01,4.2458e-05,2.67431665e-05,7.9781455e-06,
ppvm,3,5,shared,6,9.46037792160559499e-1,5.6542e-05,2.023545e-07,6.61479e-07,124
paulipropagation-jl,3,5,shared,6,9.46037792160559499e-01,3.8584e-05,2.65460835e-05,7.921479e-06,
ppvm,3,6,independent,6,2.21202436593547214e-1,0.000371625,4.994854e-06,7.18875e-07,
paulipropagation-jl,3,6,independent,6,2.21202436593547158e-01,4.3333e-05,2.6943125e-05,9.5659165e-06,
ppvm,3,6,shared,6,9.26720632442085912e-1,9.3791e-05,3.554165e-07,7.395e-07,245
paulipropagation-jl,3,6,shared,6,9.26720632442086134e-01,4.1709e-05,2.6874729e-05,9.391479e-06,
ppvm,4,1,independent,2,9.97551000253279585e-1,1.25e-06,6.625e-09,2.90146e-07,5
paulipropagation-jl,4,1,independent,2,9.97551000253279585e-01,2.8041e-05,2.6269229e-05,2.5010625e-06,
ppvm,4,1,shared,2,9.97551000253279585e-1,1.209e-06,6.5415e-09,3.055835e-07,5
paulipropagation-jl,4,1,shared,2,9.97551000253279585e-01,2.9209e-05,2.63965415e-05,2.5537915e-06,
ppvm,4,2,independent,4,9.64105813326767924e-1,5.583e-06,2.39585e-08,4.243335e-07,14
paulipropagation-jl,4,2,independent,4,9.64105813326767924e-01,3.0541e-05,2.65543335e-05,4.4152915e-06,
ppvm,4,2,shared,4,9.90356210893937772e-1,3.917e-06,1.57295e-08,4.60229e-07,9
paulipropagation-jl,4,2,shared,4,9.90356210893937772e-01,3.1792e-05,2.6105854e-05,4.3834375e-06,
ppvm,4,3,independent,6,8.32976772349296790e-1,9.75e-06,8.3167e-08,6.29229e-07,18
paulipropagation-jl,4,3,independent,6,8.32976772349297012e-01,3.4625e-05,2.6226167e-05,6.297729e-06,
ppvm,4,3,shared,6,9.78862124508455222e-1,9.042e-06,4.93955e-08,6.45396e-07,16
paulipropagation-jl,4,3,shared,6,9.78862124508455111e-01,3.6958e-05,2.66254165e-05,6.604583e-06,
ppvm,4,4,independent,8,5.50710876921320036e-1,2.9333e-05,3.21479e-07,8.455415e-07,56
paulipropagation-jl,4,4,independent,8,5.50710876921320258e-01,3.7125e-05,2.6573625e-05,8.6496665e-06,
ppvm,4,4,shared,8,9.63779819355197853e-1,2.3541e-05,1.04521e-07,8.46083e-07,32
paulipropagation-jl,4,4,shared,8,9.63779819355197964e-01,3.8333e-05,2.64805e-05,8.696875e-06,
ppvm,4,5,independent,8,4.78530865097131775e-2,0.000101625,1.270479e-06,1.051625e-06,
paulipropagation-jl,4,5,independent,8,4.78530865097134828e-02,4.4792e-05,2.66817705e-05,1.1019833e-05,
ppvm,4,5,shared,8,9.46037792160559499e-1,5.4584e-05,2.035835e-07,1.0592295e-06,64
paulipropagation-jl,4,5,shared,8,9.46037792160559499e-01,4.4292e-05,2.68336455e-05,1.1186875e-05,
ppvm,4,6,independent,8,-1.08684150300796589e-1,0.000421042,5.0400835e-06,1.278646e-06,
paulipropagation-jl,4,6,independent,8,-1.08684150300796173e-01,5.3916e-05,2.6968375e-05,1.32250625e-05,
ppvm,4,6,shared,8,9.26720632452798676e-1,0.000114458,3.593125e-07,1.233417e-06,131
paulipropagation-jl,4,6,shared,8,9.26720632452799009e-01,5.575e-05,2.6884396e-05,1.34081045e-05,
